{
  "ReRoutes": [
    {
      "DownstreamPathTemplate": "/api/StudentAttendance",
      "DownstreamScheme": "https",
      "DownstreamHostAndPorts": [
        {
          "Host": "localhost",
          "Port": 44332
        }
      ],
      "UpstreamPathTemplate": "/apigateway/AttendanceService",
      "UpstreamHttpmethod": [ "GET", "PUT", "POST" ]
    },
    {
      "DownstreamPathTemplate": "/api/StudentAdmission",
      "DownstreamScheme": "https",
      "DownStreamHostAndPorts": [
        {
          "Host": "localhost",
          "Port": 44315
        }
      ],
      "UpstreamPathTemplate": "/apigateway/AdmissionService",
      "UpStreamHttpmethod": [ "GET", "PUT", "POST" ]
    }
  ]
}
